diet_type,exercise_type,age,weight,height,exercise_frequency,gender
Omnivore,Pilates,64,83.9035632296224,166.1313630868623,0,Female
Omnivore,Pilates,61,98.7124294004968,175.0870846650783,0,Male
Vegan,Strength,23,77.59160734845247,161.90603402655339,1,Female
Vegan,Pilates,61,79.8429977031915,174.63215859683373,0,Female
Omnivore,None,19,92.25009131269887,185.83178361004025,1,Female
Keto,Pilates,60,97.16497705917014,182.62761627968408,0,Female
Paleo,Cardio,36,85.13941112442926,173.04992512785017,1,Male
Vegetarian,None,63,89.6670613974209,173.33676634814213,0,Female
Vegan,Yoga,29,92.89056037018217,174.21503008938672,1,Female
Omnivore,Yoga,35,80.92271457942947,178.98379755642648,1,Female
Keto,Cardio,46,89.93000561103094,NA,0,Female
Omnivore,Cardio,41,85.44508931590035,176.060901173083,1,Male
Omnivore,Yoga,38,87.89109533327583,176.3781152752278,1,Male
Vegetarian,Pilates,58,97.36402028177113,172.27793843711254,0,Male
Paleo,Pilates,36,89.86358876471682,177.20449424080687,1,Female
Vegetarian,Yoga,52,89.34309128606012,170.57839356724628,0,Female
Vegetarian,None,34,85.10814316482215,180.11286386260235,1,Male
Keto,Cardio,44,85.00963176102569,165.71748627267255,0,Male
Omnivore,None,28,85.35101417014286,171.9377094223722,1,Male
Vegan,Cardio,49,84.00267387076076,170.32464111856183,0,Female
Vegan,Cardio,57,NA,159.25845445856274,0,Female
Vegetarian,Pilates,32,83.47265310008345,181.9882598973803,0,Male
Omnivore,Yoga,32,86.1404727781415,158.3756678659931,1,Male
Paleo,Pilates,40,102.93882613715309,183.05129221162383,1,Male
Vegetarian,Yoga,25,77.45166471751287,159.31533524282483,0,Male
Omnivore*,Cardio,43,82.68360554127891,160.17916534416858,0,Male
Keto,Strength,56,99.57374821421357,178.60888491074712,0,Female
Paleo,Yoga,61,80.18097987766255,169.1825507283207,0,Female
Vegan,Yoga,35,NA,151.54809160696402,NA,Male
Keto,Cardio,55,104.06027509181689,185.03420382133754,0,Male
Vegetarian,Cardio,37,NA,145.11472569196158,NA,Male
Vegetarian,Cardio,39,86.31476400101732,163.07473978679675,1,Male
Vegan,Cardio,63,79.76580833488545,154.79660656723678,0,Female
Omnivore,Strength,31,80.3445152047397,164.3203249788604,0,Male
Paleo&,Strength,49,87.25267403806254,170.88681129131092,0,Female
Keto,Cardio,23,81.6713356630792,166.66459224509768,0,Male
Keto,Strength,20,85.90765254577173,164.21145850089687,1,Male
Omnivore,Pilates,19,81.63317329527915,168.36204144270766,1,Female
Vegetarian,Cardio,25,77.56006544795254,172.6916541075801,1,Female
Vegan,Yoga,48,84.787190678595607,161.44240417913,0,Male
Keto,Yoga,61,80.28735547116527,149.25143773349245,0,Female
Keto,None,42,80.92846549595826,NA,0,Male
Paleo,Strength,46,71.32757784881132,150.95642208725818,0,Male
Keto,Pilates,45,85.76374360572055,176.3533873386609,0,Female
Vegan,Pilates,46,87.76487037218124,188.70158387929325,0,Male
Vegetarian,Strength,18,72.33581023388446,158.54538061518718,0,Male
Vegetarian,Cardio,48,86.23479004641118,161.14564555829492,0,Female
Omnivore,Strength,42,70.32975786225394,161.24466099312832,0,Female
Vegetarian,None,57,91.7354197771118,177.88390456341583,0,Male
Keto,Strength,23,83.23584827958348,170.31344683974189,0,Male
Vegetarian,None,37,80.81646130375972,174.88947815943936,1,Female
Vegan,Cardio,45,87.69481184556236,177.71469878691198,0,Male
Paleo,Yoga,27,85.29391654665774,172.47834608669137,1,Male
Paleo,Pilates,22,93.25066657494348,174.47831638138294,1,Male
Omnivore,Cardio,30,91.18133983864328,158.37434734778535,1,Female
Vegetarian,Cardio,26,93.80560354747706,169.38211717896164,1,Female
Vegan,Pilates,63,90.05443999830838,163.8389653543308,0,Female
Vegetarian,None,46,86.55528527880125,156.9517069637237,0,Male
Vegan,Strength,49,83.79875526839929,158.3101565697358,0,Male
Paleo,Cardio,63,87.41546565191246,179.37609547717227,0,Female
Keto,Cardio,51,79.35312968788867,156.99453012964096,0,Male
Keto,Strength,29,75.3253835706656,165.956719732383,1,Female
Omnivore,Pilates,47,86.02366186686122,179.8256504922528,0,Male
Vegetarian,Yoga,27,82.2811248917899,173.29259493151392,1,Female
Paleo,Yoga,58,82.81087965535013,176.5234723345439,0,Male
Vegetarian,Cardio,27,93.7201762488326,173.3137935811481,1,Male
Vegetarian,Strength,27,86.75586312718076,168.51124662826962,1,Male
Omnivore,None,42,75.32394738385813,148.00282422040448,0,Female
Paleo,Yoga,27,81.89917428560534,163.91161485103478,1,Female
Vegetarian,Strength,43,83.03813660794525,156.21692029932538,0,Male
Omnivore,Yoga,24,87.53276741365077,166.2191571413176,1,Female
Keto(,Yoga,34,90.74622604768894,190.5410707311695,1,Male
Omnivore,Strength,48,75.67200525914728,171.38225403263888,0,Male
Vegan,Yoga,58,NA,162.8085372224665,0,Male
Keto£,Pilates,49,86.96910660813319,178.8869244065548,0,Female
Keto,Yoga,40,87.44064998304346,174.91372928474695,1,Male
Omnivore,Yoga,55,92.11527878878908,169.19649930894224,0,Female
Vegan,Strength,52,87.03569042175162,167.72368749475285,0,Female
Vegan,None,21,87.69979542688492,168.54514416769518,1,Female
Vegan,None,56,88.69529136997579,169.28579974424704,0,Female
Paleo,Pilates,21,87.44552238819246,176.19530244648905,1,Female
Vegan,Pilates,53,80.26786754693885,171.27656676246875,0,Female
Vegan,Yoga,40,77.37540049798055,163.72623354302016,1,Female
Paleo,Cardio,62,82.38570430787105,178.34371493937897,0,Female
Paleo,None,50,75.04449122751745,163.01596051688372,0,Male
Vegetarian,None,24,83.9601658792961,183.09240482188716,1,Female
Omnivore,None,35,NA,160.19822373111637,NA,Female
Omnivore,None,57,82.66683784484538,177.47985102745545,0,Male
Vegetarian,Yoga,63,94.3842600067228,NA,0,Female
Omnivore,Pilates,54,102.83781641528525,NA,0,Female
Keto,Cardio,18,83.44905622407154,168.8783915729948,1,Female
Vegan,None,52,87.54096235928942,176.92200142934223,0,Female
Omnivore,Strength,24,78.50548013950429,148.62358500144873,1,Female
Vegan,Cardio,18,87.14864219025866,174.44235984040233,1,Male
Keto,None,46,80.63439947018374,168.90713125642102,0,Female
Keto,Yoga,47,80.90143156715767,175.99824655782442,0,Female
Omnivore,Cardio,24,86.01035471589843,171.0875907368838,1,Male
Paleo,Strength,57,89.33823197791949,182.94796898616775,0,Female
Paleo,Strength,65,86.10858356175986,NA,0,Female
Paleo,Strength,30,90.07876678466329,177.33739518696075,1,Male
Keto,None,19,90.9603615710035,168.94043918380783,1,Female
Omnivore,None,39,91.27990705578125,176.5576257195121,1,Female
Vegetarian,Pilates,30,84.52572599540565,157.68733906630706,1,Female
Vegan,Yoga,33,88.38121963302316,176.06569514039165,1,Male
Vegetarian,Yoga,62,87.13164122376904,166.1040954376811,0,Female
Vegan,Cardio,56,85.73750117856672,173.94815020131043,0,Male
Keto,Yoga,46,79.85522272266907,161.24681451222452,0,Female
Omnivore,Yoga,18,88.08160926908725,175.4164091212584,1,Male
Paleo,Cardio,56,94.40630855067519,199.91525327331328,0,Female
Paleo,Pilates,31,86.67468010880388,185.40520506485868,1,Female
Vegetarian,Pilates,50,NA,179.80378794904777,0,Male
Paleo,Yoga,51,74.89669744119945,163.80985031618337,0,Male
Vegetarian,Yoga,30,87.10271527387432,173.2486046626697,1,Male
Omnivore,Yoga,65,88.1998913377515,168.41661669053912,0,Male
Paleo,Cardio,62,70.66212489647813,150.14871105193092,0,Female
Omnivore,None,20,84.05910580812541,167.59832102902627,0,Male
Keto,Pilates,44,75.71239829964952,166.83461953732734,0,Male
Paleo,Yoga,41,89.22622704897005,169.10369684127716,1,Female
Paleo,None,34,80.55409251988232,164.67993006292954,0,Male
Paleo,Cardio,36,95.91173786011592,176.51828959763117,1,Female
Vegetarian,None,42,94.8019500788455,189.18580579702868,0,Female
Vegan,Cardio,37,100.07758449570576,181.55657151343846,1,Female
Omnivore,Cardio,52,89.97535933149727,176.6018517916846,0,Male
Paleo,Yoga,31,84.32702106686853,170.55069087583536,1,Female
Omnivore,None,28,90.43898687835213,170.75732380274633,1,Male
Vegetarian,None,21,93.43735947908617,181.57522581813188,1,Female
Keto,Yoga,38,88.63064462991476,182.81648899397652,1,Female
Keto,None,35,85.55151583589131,164.08053142902327,1,Female
Vegan,Pilates,63,92.90338528641615,179.4980334950322,0,Female
Omnivore,Pilates,62,80.94903944318706,158.1689021492571,0,Female
Keto,Pilates,39,77.25438907148084,158.07341395221255,0,Male
Vegetarian,Yoga,53,92.72778367110475,185.9578333479431,0,Male
Paleo,Pilates,56,89.5790103870489,170.36939268501789,0,Male
Vegan,None,20,90.79234792336,170.33782099433273,1,Female
Paleo,Pilates,47,91.38457132014761,179.79023019683956,0,Male
Keto,Strength,57,79.98234279109539,168.0334341385415,0,Male
Keto,Pilates,40,84.53574250074462,161.5333561251748,1,Female
Keto,Yoga,51,86.44125339044446,171.38357324986205,0,Male
Keto,Cardio,34,82.14369147874667,152.9136666397025,1,Female
Vegetarian,Yoga,28,74.63053923226563,165.27533896460017,1,Female
Vegan,None,24,80.49549842774826,168.43259839065783,1,Female
Vegetarian,None,45,80.45046878271104,155.5743731520441,0,Female
Vegan,Strength,51,79.15914676454217,171.84764335937663,0,Female
Keto,Yoga,23,95.07979033474523,162.67266897356126,1,Male
Keto,Yoga,29,86.31140237411684,181.14077533234732,1,Male
Vegetarian,Cardio,30,85.83084337077243,167.18957963527004,1,Female
Vegan,Strength,29,NA,159.08999723351835,NA,Female
Keto,Pilates,30,97.22137091430447,172.39222737737268,1,Female
Paleo/,Yoga,18,88.36298873612392,169.46782315942488,1,Male
Vegan,Pilates,57,82.63205391719042,170.40317882232233,0,Female
Vegan,Strength,57,87.38293229473788,172.15454744346175,0,Male
Omnivore,Pilates,53,79.47750917706253,166.05978999864067,0,Male
Vegetarian,Pilates,42,74.7698030612665,166.73409126206036,0,Male
Vegetarian,Strength,49,82.79272507801511,176.4800381835491,0,Female
Keto,Cardio,26,88.57658863977797,186.26737016297034,1,Female
Keto,Cardio,21,81.07825561413395,150.74306226503668,0,Male
Omnivore,None,50,86.65264187866235,168.6431958748549,0,Female
Vegan,Cardio,64,88.04646998447194,179.796823049288,0,Male
Keto,None,65,77.82265103211992,158.20788067899315,0,Male
Keto,Pilates,65,96.19539419953091,181.6681337455667,0,Female
Omnivore,Cardio,62,78.08284665111374,166.2077258470273,0,Female
Omnivore,Cardio,39,91.5357771205656,177.0775212141734,1,Male
Vegetarian,Yoga,22,87.69700183187686,184.73765778101742,1,Male
Paleo,None,28,93.07615314693655,178.98576833356327,1,Female
Vegan,None,59,97.35627643027566,182.14315023065407,0,Male
Vegetarian,Cardio,42,71.77398372554282,147.921729416102,0,Female
Vegan,Cardio,44,80.91733441995785,157.26637196345203,0,Female
Paleo,Yoga,33,76.87954884165883,175.81466657889297,1,Female
Keto,Cardio,59,82.06532267699653,160.89219201807848,0,Female
Vegetarian,Cardio,61,83.81262510030258,164.48125504499046,0,Male
Vegetarian,Yoga,62,94.04927812844983,183.84222246644657,0,Female
Vegetarian,Yoga,43,91.66414128658889,171.16494123723035,0,Male
Keto,Strength,64,80.45877727008394,NA,0,Female
Omnivore,Cardio,29,90.76894987373765,167.54414367984404,1,Female
Vegetarian,None,52,72.20713784678026,154.02104481283575,0,Male
Vegan,Pilates,40,67.42230737730083,151.19426034971627,1,Female
Vegan,None,53,94.9407301376418,167.82233756169626,0,Female
Vegetarian,Strength,56,90.85588525320009,173.54738794936102,0,Female
Vegan(,None,22,82.22265062146441,156.81055218847024,0,Male
Vegetarian,Cardio,34,79.11718429741967,151.92219902843385,0,Male
Keto,Yoga,50,90.33398740865998,182.75509136919104,0,Female
Vegan,Cardio,53,92.57838081009984,175.0699835111917,0,Female
Omnivore,Cardio,34,94.59031287926646,174.82094871689674,1,Male
Keto,None,35,81.77703722802703,179.17096497774864,1,Female
Paleo,Strength,61,82.05858604684627,175.54743570423318,0,Female
Keto,Cardio,37,76.10950362569217,159.44497318398945,1,Female
Vegan,Strength,26,93.87993344920733,182.50155055584554,1,Female
Vegetarian,Yoga,19,66.89248178812335,157.2263994659312,0,Male
Paleo,Cardio,61,81.81991099370136,165.2141167927972,0,Male
Vegan,None,43,79.41372406474031,173.33595621234045,0,Male
Keto,Strength,20,84.67903384339056,NA,0,Male
Vegetarian,Strength,22,79.91172513655745,175.8933550071484,0,Male
Keto,Cardio,39,95.23522066277813,178.76592079389192,1,Female
Vegetarian,Yoga,49,79.57146283826731,NA,0,Female
Paleo,Cardio,43,77.58933925110541,157.12573712217178,0,Female
Omnivore,Pilates,18,86.62181052545216,NA,1,Male
Vegetarian,Cardio,23,83.5483411998419,175.74483137039138,0,Male
Vegetarian,Pilates,26,74.95342559489107,165.3724572359903,0,Male
Vegan,Strength,63,83.96773688710493,174.12912128628034,0,Male
Paleo,Yoga,38,87.65129844138087,181.82981610741524,1,Female
Vegan,Yoga,63,83.39311318766323,163.2826602312406,0,Female
Vegetarian,None,39,88.04458537334398,179.24698947331538,1,Male
Keto,Cardio,57,74.71957179437199,163.5510748407175,0,Male
Keto,Yoga,35,87.1641691699273,176.16813884899904,1,Male
Vegetarian,Cardio,42,88.15310590043684,170.34074598103922,0,Female
Vegetarian,Pilates,28,74.0307022768158,161.49560552012457,1,Female
Keto,Yoga,37,94.74412762959041,179.47850371730135,1,Male
Keto,Cardio,44,92.15067240173794,177.22604398667227,0,Male
Vegan,Yoga,26,88.15937183721157,161.31393747677046,1,Female
Vegan,Cardio,54,83.54921442147493,170.3770180474504,0,Female
Keto,Yoga,27,99.7250326069709,195.2239807042822,1,Male
Vegetarian,Pilates,53,NA,162.48137209394096,0,Male
Vegetarian,Cardio,35,82.88341442442116,168.3328713750618,0,Male
Keto,Cardio,52,86.74510497457372,184.02893069844504,0,Male
Keto,Strength,37,84.80890857829027,158.8630227321394,0,Male
Paleo,None,28,89.6607682605101,193.80413636510997,1,Female
Keto,Strength,57,84.73692785401826,163.3269785524227,0,Male
Keto,None,44,NA,164.78567803677828,0,Female
Paleo,Yoga,52,79.56752670459717,169.61446243879575,0,Female
Vegan,Strength,34,97.6779704669533,180.74676421774632,1,Male
Keto,Pilates,51,101.71250523321613,202.3554281654337,0,Male
Vegetarian,None,36,89.08312502593675,174.83314635182074,1,Male
Vegetarian,Cardio,40,89.07062744657595,176.1961621920455,1,Male
Vegan,None,52,81.39525070327181,156.26471325706862,0,Male
Vegetarian(,Cardio,46,93.08080059276655,171.41241738837255,0,Female
Vegan,Cardio,45,73.5112187355954,146.40217360929083,0,Female
Keto,Strength,59,89.81318975664438,167.41726756669266,0,Female
Vegetarian,Strength,30,80.57021302609844,184.6142509399092,1,Female
Omnivore,Cardio,35,87.16022788337146,168.01929950307832,1,Female
Vegan,Yoga,37,86.82602782168564,169.4235736657323,1,Male
Vegan,Cardio,64,86.09966103132122,170.3904464136347,0,Female
Keto,Strength,43,85.01684973864624,168.76270510366487,0,Male
Paleo,Yoga,51,83.2121209576141,171.00049582245978,0,Female
Vegetarian,Cardio,52,74.32845256541468,154.8876658098764,0,Female
Keto,Cardio,55,88.07388057407465,165.19128568109727,0,Male
Vegan,Strength,23,82.35877788321793,166.58412351992177,0,Male
Keto,Pilates,44,93.75627088775306,175.6977336802691,0,Female
Vegan,None,26,84.10218920649785,172.07376636370952,1,Female
Vegan,Cardio,54,76.13963172023107,162.4140752774534,0,Female
Paleo,None,31,96.47787990341489,178.49013844908703,1,Female
Omnivore,Strength,35,90.64047647549894,182.2658542110533,1,Female
Paleo,Cardio,20,84.68931531114409,157.20582329292293,1,Female
Omnivore,Pilates,38,79.7600381547344,171.84011110654947,0,Male
Omnivore,Pilates,21,83.04446133993874,162.509742339405,1,Female
Omnivore,Yoga,48,80.38075707299733,163.9185146876992,0,Female
Keto,Strength,34,96.86957840280874,174.19863624728316,1,Male
Omnivore,Pilates,33,95.7476989459853,178.4184979563413,1,Female
Vegan,Yoga,61,89.70220890570866,173.8015693673667,0,Male
Omnivore,Yoga,39,79.79122473457785,164.65155669596993,1,Female
Vegetarian,Strength,48,95.56606399514062,181.29712009301824,0,Male
Keto,Cardio,36,93.76793244278723,180.31889631846482,1,Male
Vegetarian,Pilates,60,72.81935683154225,160.10617424429998,0,Female
Paleo,None,60,92.50569864399543,173.1316852556151,0,Female
Vegan,None,34,83.48670567388739,158.40335229646857,0,Male
Vegan,None,48,NA,184.66733539070523,0,Male
Paleo,None,52,97.91020518383009,172.70059578028116,0,Male
Vegetarian,Strength,59,95.09991897344183,180.67135321187004,0,Female
Paleo,Strength,61,84.37106979716312,173.88143801506104,0,Male
Keto,None,42,89.11435208562771,168.91729613301246,0,Female
Keto,Yoga,31,90.79893485757562,177.504885421559,1,Female
Omnivore,Cardio,32,NA,158.96682253242474,NA,Male
Keto,Strength,40,61.525841196054515,155.67317573602313,1,Female
Keto,Strength,51,79.68626789953426,163.6884636166521,0,Female
Omnivore,None,27,86.43953821193705,172.63617951041476,1,Male
Vegetarian,None,27,NA,165.86311929494767,NA,Male
Omnivore,Cardio,35,84.43756604172286,165.34881258104537,0,Male
Paleo,Cardio,60,90.7379863885886,179.20851504045788,0,Male
Vegan,Strength,61,90.05508902195777,164.97807286121497,0,Male
Keto,Strength,22,89.60782748967466,179.7445687180668,1,Female
Vegetarian,Strength,54,75.8569155374954,162.27064082272634,0,Male
Paleo,Yoga,26,81.19994644750504,167.43516637323253,1,Female
Omnivore,Yoga,46,79.94708870423719,161.73686655221454,0,Male
Vegetarian,None,20,NA,165.73800678397166,NA,Female
Vegan,Cardio,60,69.86843042447336,158.3830313165859,0,Male
Omnivore,Yoga,43,90.21222417888197,174.46986972332675,0,Male
Omnivore,Strength,45,NA,181.82314298835257,0,Female
Vegetarian,None,31,82.73600639048134,172.83358694174728,1,Female
Vegan,Cardio,62,95.74245823185676,187.1226784466114,0,Male
Vegetarian,Yoga,29,NA,153.5989999525019,NA,Male
Vegan,Strength,31,79.76530580636567,162.48447926054246,0,Male
Vegan,Pilates,38,90.64381571626775,175.2464440269118,1,Female
Vegan%,Cardio,27,90.25747096732124,176.33379288392584,1,Male
Keto,Cardio,38,83.71678024955621,173.2699671904924,1,Female
Paleo,Yoga,22,90.06895579855195,187.45684992115164,1,Male
Paleo,Strength,41,96.09351293793289,186.75389566443377,1,Female
Keto,Cardio,35,72.70812818460438,155.40695638598098,0,Male
Paleo,Strength,27,79.3915426099295,165.8259574713208,1,Female
Vegetarian,Yoga,25,84.74539294692836,155.65966629327377,1,Female
Vegan,Strength,49,80.64765115462781,159.69226027693625,0,Male
Vegetarian,Pilates,26,84.02233767524528,172.482563941472,0,Male
Vegan,Pilates,22,80.86758205874061,173.51407773967145,0,Male
Omnivore,Strength,57,84.68429358703511,162.19548305064424,0,Male
Vegan,Cardio,43,83.73902616643136,173.01600444867742,0,Female
Omnivore,Strength,65,81.84523076534919,162.72164571823794,0,Male
Vegetarian,Yoga,18,92.19769075919228,172.4941386888377,1,Female
Paleo,Pilates,61,84.46814833804574,171.1314525552215,0,Male
Vegan,None,59,88.73568337007518,167.15987419303588,0,Female
Omnivore,Yoga,33,74.46906246667312,160.39907537024615,0,Male
Keto,Yoga,49,73.85883820683983,165.3467493990747,0,Female
Keto,Strength,18,89.09198086934093,174.91146204122848,1,Male
Omnivore,Yoga,30,88.48098270550449,165.05818156122936,1,Female
Vegan,Pilates,36,80.74071903475838,166.74492208392425,1,Female
Keto,Cardio,36,78.37552661982392,159.30239318041566,0,Male
Paleo,Yoga,45,87.4599755194915,165.65885203177208,0,Male
Vegan,Strength,43,82.60266157704712,NA,0,Female
Vegetarian,Cardio,39,75.75334818256704,162.70891154538575,1,Female
Paleo,None,51,78.95761403004913,166.1728766067148,0,Female
Vegetarian,Pilates,62,78.63156122727274,158.99305879655512,0,Male
Paleo,None,29,81.00174123042088,177.49164757240453,0,Male
Keto,Strength,62,100.09264110837971,192.0977517791002,0,Female
Paleo,Strength,61,85.74381937709578,165.74769771079966,0,Male
Vegan,Cardio,43,91.54648475578263,174.666662872896,0,Female
Vegan,Yoga,57,100.6375331058273,185.81967447068695,0,Female
Paleo,Yoga,62,88.01510831146985,166.15555837527387,0,Male
Omnivore,None,42,90.29416954651009,166.10835015914907,0,Female
Keto,Yoga,46,86.48510825008135,176.47275142770482,0,Female
Vegan,Yoga,35,86.04061185696948,160.47654200717002,1,Male
Omnivore,Pilates,32,77.38375134998975,NA,1,Female
Omnivore,Yoga,20,85.30163083614507,164.46834924738872,1,Male
Omnivore,Yoga,25,88.45051517591165,NA,1,Female
Vegetarian,Cardio,54,97.39057965031839,174.20695958687057,0,Male
Vegetarian,Cardio,61,85.76071034296113,168.6118610682455,0,Male
Omnivore,Pilates,21,99.67018553516856,191.69525792413103,1,Male
Paleo,Pilates,24,65.39181554482872,141.56982104965923,1,Female
Paleo,None,57,80.55760955976135,176.45281929502747,0,Male
Keto,Pilates,59,80.83168718688508,161.78678292919403,0,Male
Vegan,Cardio,49,85.03335816506836,167.13770830421916,0,Female
Vegan,Yoga,20,78.89374001781788,159.11199016124004,0,Male
Paleo,Yoga,28,83.8800532334006,175.7840048885528,1,Female
Vegan,None,26,85.66601200083271,183.5541776928185,1,Female
Vegetarian,Cardio,20,92.15178196820587,174.89112200603265,1,Male
Paleo£,Yoga,23,85.47061692879875,160.88143475643352,1,Female
Omnivore,Cardio,34,92.27669764545004,186.14477468842512,1,Male
Vegetarian,Yoga,64,92.58684013280323,168.3627333441448,0,Male
Keto,Pilates,65,85.97030855457169,171.78738701781816,0,Female
Omnivore,None,19,89.63940082501414,169.50761371170861,1,Female
Paleo,Strength,28,80.56397859082686,167.8419927641959,0,Male
Vegan,None,65,88.43371606734954,170.8097708304063,0,Female
Keto,None,52,83.14799919888088,159.69447263416143,0,Female
Keto,Pilates,56,92.21445294084636,181.5321130232285,0,Female
Vegan,Yoga,64,93.68640114930903,176.46328884938566,0,Male
Vegan,Pilates,51,84.7271329457098,170.78828555378342,0,Female
Vegan,Strength,65,79.69663710091208,179.45405729852456,0,Female
Vegetarian,None,51,77.20557982044349,157.7785120927738,0,Female
Omnivore,Pilates,61,94.22198802452658,180.85128963605428,0,Male
Paleo,Pilates,51,76.68948631442666,NA,0,Male
Omnivore,None,45,78.94053611292965,175.03221026911538,0,Female
Omnivore,Pilates,26,82.83541214533606,165.44288005922024,1,Female
Omnivore,Yoga,63,81.69162626932658,162.17706413458825,0,Male
Paleo,Cardio,54,88.36424038490483,164.5379694962954,0,Female
Paleo,Pilates,23,89.87394295614715,180.36253046275218,1,Female
Omnivore,Strength,21,92.99372173099371,180.90776655032627,1,Female
Paleo,None,32,94.14077876152128,185.54872398106744,1,Female
Vegan,Yoga,48,88.41250791044095,169.38002794504612,0,Female
Omnivore,None,27,85.80048198139623,162.4394355724653,1,Female
Paleo,None,36,85.6938157989736,184.7246617375261,1,Male
Vegan,Pilates,25,73.82279815826459,NA,1,Female
Vegetarian,Yoga,64,88.79892625853441,NA,0,Male
Omnivore,Yoga,20,77.18132606368707,176.0325701978901,1,Female
Paleo,Strength,24,66.34425282870886,158.37715260920447,0,Male
Vegetarian,Pilates,58,77.88059364550458,154.39904216209126,0,Male
Vegetarian,None,20,87.6136129054959,174.8918558561341,1,Female
Paleo,Strength,21,91.36813190645928,186.2105050747679,1,Female
Paleo,Strength,30,85.66773919135069,162.85263471561444,1,Female
Keto,Yoga,56,87.527879390871135,163.13312562833343,0,Female
Vegetarian,Yoga,29,85.25967524627139,160.58396233881908,1,Male
Paleo,None,24,91.5405877323449,184.84725999003925,1,Male
Keto,Cardio,30,81.32474001952986,162.9206480562935,0,Male
Omnivore,None,24,82.33759784024161,161.62556193573684,0,Male
Vegan,Strength,65,70.34880617799301,161.95970010630535,0,Male
Keto,Yoga,23,77.0395756233649,164.1209601033092,1,Female
Paleo,Yoga,25,85.99572590615136,164.02282058050469,1,Female
Paleo,Pilates,47,89.26783518868783,176.06447474560153,0,Female
Vegetarian,None,49,79.99526914385642,173.01728112720812,0,Male
Omnivore,Cardio,53,93.81863376093396,174.74748254024928,0,Male
Omnivore,None,21,84.29790168088002,163.6979971011706,1,Female
Omnivore,Strength,58,85.61080427947358,177.2451431007157,0,Male
Keto,Strength,31,69.8407859299194,NA,0,Male
Vegan,Cardio,51,90.97266953486381,181.27702171367184,0,Female
Keto,None,64,84.50988556038675,171.99846383343376,0,Male
Vegan,None,24,82.06032290705424,165.94897813711623,1,Female
Vegetarian,Yoga,29,86.63618662856241,174.75527499245612,1,Male
Paleo,None,20,82.18485687691049,157.76877916063475,0,Male
Vegan,Yoga,45,86.83470440861205,163.67286445411725,0,Male
Vegan,Cardio,50,NA,171.09171617679726,0,Female
Omnivore,Pilates,44,85.91664197399717,154.37443415863905,0,Male
Keto,Strength,48,87.90119290741985,169.59754567185152,0,Female
Vegetarian,Pilates,61,86.43146916219447,169.6367007028127,0,Male
Omnivore,Pilates,58,87.80759893934773,167.2107441850809,0,Male
Omnivore,None,53,77.85579493299859,157.06870550620607,0,Female
Vegan,Cardio,58,94.49553446929848,NA,0,Male
Keto,Pilates,18,87.59899015469941,NA,1,Male
Vegetarian,Strength,26,76.57395488403239,155.2287958968019,1,Female
Paleo,Pilates,52,87.2591335424948,164.1735964373311,0,Male
Paleo,Pilates,56,92.87070486629563,185.4930379091226,0,Female
Vegetarian,Yoga,41,81.79494776002167,171.0688293076497,1,Female
Omnivore,Yoga,61,91.96628511896488,172.5956672875278,0,Male
Paleo,Cardio,53,86.21587541190273,167.84011298112705,0,Female
Paleo,Strength,33,84.7701852157478,172.7084741165109,0,Male
Vegetarian,Strength,30,96.9739055086578,176.3318924740389,1,Male
Keto,Pilates,55,79.25443736624148,177.07469331514633,0,Female
Omnivore,Strength,34,91.53913051207894,183.70681468392013,1,Female
Paleo,Yoga,39,80.0675937914458,162.2194386592237,1,Female
Vegan,Pilates,52,83.55525909994836,168.41886455102593,0,Female
Omnivore,Yoga,64,87.67380391198424,174.13538663207615,0,Female
Vegan,Cardio,60,98.4340603521148,178.25075725328577,0,Female
Omnivore,Pilates,21,72.9574035254951,166.66977751223334,1,Female
Omnivore,Pilates,62,93.43987355374989,176.507739654104,0,Female
Vegetarian,None,20,78.45603308310014,164.51547317062537,0,Male
Keto,Cardio,54,88.00347614134424,166.58523547331532,0,Male
Paleo,Yoga,52,87.8236747355664,180.12143766251495,0,Male
Paleo,Strength,20,79.89476827922911,151.17245498147471,0,Male
Keto,Strength,63,84.99811068995413,172.21546740723215,0,Male
Omnivore,Pilates,29,86.57744121950451,179.25939991622144,1,Female
Vegan,Pilates,34,77.13497604573737,166.55223018277383,1,Female
Paleo,Strength,49,83.13625678904856,176.2485572972962,0,Male
Keto,None,53,79.65309541671328,162.93503706259034,0,Male
Vegan,None,39,85.65429072245405,171.71207414363386,1,Female
Omnivore,Cardio,28,87.6205520312314,170.09778756915696,1,Female
Omnivore,Cardio,38,84.47579015519602,169.7140828183388,0,Male
Vegetarian,None,27,84.78316856771626,157.24212735854425,1,Female
Omnivore,Yoga,24,77.9877264716404,168.37411958929317,1,Female
Vegan,Cardio,51,83.70461334038002,161.86047331982593,0,Female
Omnivore,Yoga,30,87.7852977030571,166.4039271855664,1,Female
Omnivore,Yoga,43,92.67254572024821,180.24243995267824,0,Female
Vegetarian,Yoga,18,81.52185141618969,164.334074179431,1,Female
Vegan,Pilates,59,82.30950475589688,169.67270838929645,0,Male
Vegan,Cardio,38,78.46706348174445,171.0302362183112,1,Female
Vegan,None,61,76.33437631260851,168.10533965587584,0,Female
Paleo,Yoga,30,92.52355357874174,178.06090490556974,1,Female
Vegetarian,None,63,83.19713052515183,169.57552176160536,0,Male
Keto,Pilates,60,78.20301748920137,171.54898225663518,0,Female
Keto,Cardio,32,83.12549092636547,NA,1,Female
Omnivore,None,35,87.03673860153398,166.17740923787036,1,Female
Omnivore,Pilates,58,71.0099619633567,163.5299556797517,0,Female
Keto,Cardio,41,96.56248539176688,174.74278292025528,1,Female
Vegetarian,Pilates,33,96.93307210457039,181.5152892329233,1,Male
Paleo,Cardio,43,76.36554437174848,165.39368506303734,0,Female
Vegan,Cardio,43,69.90258298552527,147.8473761515429,0,Female
Keto,Pilates,37,81.81418355416325,161.54487227485868,1,Female
Paleo,Yoga,30,82.15068031003655,160.65724105326265,1,Female
Keto,Cardio,25,84.95110786974514,181.80754787257663,1,Female
Vegetarian,Strength,26,82.52944351623647,171.42993683957656,1,Female
Vegan,None,58,108.24238499154859,185.64737459398148,0,Male
Omnivore,Cardio,24,91.69201149688837,174.0090412754538,1,Male
Vegetarian,Pilates,51,84.21490383056741,154.52442779287745,0,Female
Vegetarian,Strength,55,83.50742892369206,174.94910618258433,0,Female
Omnivore,Strength,18,79.72256690927071,162.52146105149342,0,Male
Vegan,Strength,61,78.24612758623655,170.0060335939036,0,Female
Paleo,Yoga,54,86.30391955207286,168.98346628875234,0,Female
Keto,Strength,25,84.02846440302892,168.55941857370345,1,Female
Omnivore,None,41,94.90225194602293,166.6863094326615,1,Male
Paleo,Cardio,37,93.01522411809705,189.2120815461321,1,Male
Keto,Cardio,26,92.60279616573352,185.098548579768,1,Female
Omnivore,Strength,18,75.84764906376485,161.10715601928848,1,Female
Vegetarian,Yoga,51,87.14511058829089,171.98680207047596,0,Female
Keto,Pilates,19,86.83756864415489,181.5136467995391,1,Female
Vegan,Strength,45,85.3203812453103,181.02525570670684,0,Female
Paleo,Pilates,27,80.00211102662965,161.04616953936718,0,Male
Vegan,Pilates,47,87.53249144104853,184.098008988475,0,Female
Vegetarian,Cardio,18,77.16457511594871,162.95404202964122,1,Female
Keto,Yoga,33,88.18203309021862,171.26642533268375,1,Male
Vegan,Yoga,38,91.28817885449548,171.68755803793434,1,Female
Keto,Pilates,25,79.74496188493256,150.80008875446197,0,Male
Vegetarian,Strength,25,84.30759663736326,168.66692579766294,0,Male
Vegetarian,Strength,51,74.95326983316974,148.99613426980065,0,Female
Vegan,Cardio,49,71.38057911307045,150.33661495818225,0,Male
Paleo,Strength,24,88.07831218239741,173.20515432417218,1,Female
Vegan,Cardio,64,91.69974002235425,173.4124342063399,0,Male
Vegetarian,Yoga,56,NA,179.74334700699356,0,Female
Vegetarian,Strength,33,91.8939624884676,173.79546198219387,1,Male
Vegetarian,Yoga,29,78.38266961015125,163.2623070438586,1,Female
Paleo,Cardio,28,83.14737768312324,161.99272925896244,1,Female
Vegetarian,Cardio,18,82.08056283641731,178.04554506792212,0,Male
Omnivore!,Cardio,18,93.11090851463307,184.51035648757718,1,Female
Vegan,None,30,NA,177.98793711024646,NA,Male
Vegetarian,Cardio,47,85.69339151028858,172.1692478937968,0,Female
Vegetarian,Cardio,18,76.74119668011096,169.31002803717593,0,Male
Keto,Pilates,22,101.29891700987878,186.28416962107497,1,Male
Keto,Yoga,51,68.4319609962337,145.08313018577687,0,Male
Paleo,Strength,37,85.06202875908478,179.9290910096881,1,Female
Paleo,Strength,18,81.08400150445365,168.32304718046993,0,Male
Paleo,Pilates,21,74.3866720854688,158.7289882035681,0,Male
Keto,Cardio,39,90.16947922144931,178.36662040400748,1,Female
Paleo,Cardio,21,81.76445317348124,160.1972135351655,0,Male
Vegetarian,Pilates,39,84.91450802175618,173.44005988229785,1,Female
Omnivore,Cardio,63,90.03929808740364,171.85534561177573,0,Female
Keto,Cardio,42,87.93496598055332,171.41199612995274,0,Male
Paleo,None,37,69.34380825847279,151.47902597220582,0,Male
Vegan,Cardio,53,89.11018874373721,171.62420018098686,0,Female
Vegetarian,Strength,27,76.03912305884991,165.06821037168757,0,Male
Paleo,Yoga,63,81.06217800814449,162.9621493346257,0,Male
Vegetarian,None,18,77.71452408483503,158.16379293651462,0,Male
Omnivore,Yoga,43,75.31219269898487,158.61301817966097,0,Female
Vegetarian,Cardio,41,86.40297286504149,161.5439653146913,1,Female
Omnivore,Strength,38,91.36396807956244,182.46990408075035,1,Male
Omnivore,None,53,91.06866054493368,NA,0,Male
Vegan,Yoga,57,86.1481860168729,172.7483248030804,0,Female
Omnivore,Cardio,43,89.16089920149358,187.1648527264982,0,Male
Paleo,Strength,33,95.96638007122164,186.1208119736512,1,Male
Vegan,Strength,19,85.53053672386874,179.0296076810083,1,Female
Vegetarian,Pilates,49,83.33054481446328,158.1655801375819,0,Male
Keto,Pilates,47,104.25075317536229,184.33080023909366,0,Male
Omnivore,Yoga,43,85.70521837129765,167.9787336451562,0,Female
Paleo,Pilates,31,87.16038096183769,167.57328702082498,1,Male
Keto,Yoga,50,88.37376886011712,172.3754011959566,0,Female
Keto,Pilates,25,91.56943874719695,170.62937715542301,1,Female
Paleo,None,48,76.28468748692586,165.06119946445105,0,Male
Vegetarian,Strength,53,83.64141326250136,176.84869475041558,0,Male
Vegetarian,None,31,82.95938671692794,165.1795750956909,0,Male
Paleo,None,60,81.877351437287345,164.35204832648327,0,Female
Omnivore,None,62,77.97419443058854,167.45706592495273,0,Female
Keto,Yoga,46,72.43259931995509,162.40317128743092,0,Female
Vegan,Yoga,35,83.41024757345012,171.53682006360344,0,Male
Vegetarian,Pilates,50,92.73960939763181,169.0274650158607,0,Female
Paleo,Yoga,41,94.74131527009922,167.04099423628767,1,Male
Paleo,None,63,91.49498363933279,174.63791381562933,0,Female
Paleo,Cardio,48,67.7742091398736,151.75169061616853,0,Female
Omnivore,Yoga,22,NA,172.52441911929358,NA,Female
Vegan,Cardio,40,86.80532319397902,179.01248254480782,1,Female
Vegan,Cardio,51,90.04221596952772,178.8044068985626,0,Male
Omnivore,Cardio,39,99.54639975702007,192.31770098829847,1,Male
Keto,Pilates,41,90.10048976223548,163.601651696312,1,Male
Paleo,Yoga,61,80.77140474268057,160.19896345508843,0,Male
Omnivore,Pilates,43,83.11338353876789,173.2609797598953,0,Female
Omnivore,Strength,36,80.39840031757824,153.14737604966655,0,Male
Vegetarian,Strength,38,95.15227696668707,182.10691571985606,1,Male
Keto,Pilates,42,84.28365040893952,159.52886409372573,0,Male
Keto,Strength,57,92.91168930299429,174.38546775700866,0,Female
Vegetarian,Strength,55,84.75474206703531,166.6219481158748,0,Male
Vegetarian,Yoga,40,68.38629885806921,146.20523614256214,1,Female
Vegetarian(,Strength,63,86.96281576762776,172.59344892403064,0,Female
Keto,Pilates,50,70.67429179301934,158.96995317222326,0,Female
Keto,Yoga,34,95.36552849247005,179.22301059107954,1,Male
Paleo,Strength,59,75.270881085274425,145.48508990355975,0,Female
Vegan,Cardio,58,87.85846009894767,168.68996180775065,0,Female
Vegan,Cardio,25,80.53845623077984,159.46602989633263,0,Male
Paleo,None,59,78.67970956170961,181.27165901314214,0,Female
Vegan,Strength,36,78.31239373860595,162.72165360771268,0,Male
Vegetarian,Strength,19,94.39832080347578,179.35340589208178,1,Female
Omnivore,Cardio,56,81.29006768003563,165.3170789616425,0,Male
Keto,Yoga,23,89.83428447146242,171.2982106876817,1,Male
Omnivore,Pilates,51,87.62364426037229,184.6235284119442,0,Female
Vegetarian,Strength,56,82.87975721494043,163.17830624356927,0,Female
Vegan,Strength,18,91.35295837558876,188.1861838674073,1,Male
Paleo,None,45,86.68501502851069,179.86158368247288,0,Male
Paleo,Strength,27,90.49382888692602,182.84601321766849,1,Male
Vegetarian,Yoga,65,82.34180324488003,147.53599430599724,0,Male
Keto,None,57,85.01849263957395,168.31483368411745,0,Male
Vegetarian,Yoga,55,78.77910916508559,155.33383372484272,0,Female
Paleo,Yoga,27,96.75558063239768,177.59275035989202,1,Female
Omnivore,Strength,60,89.67541061653532,182.22777029229954,0,Male
Paleo,Yoga,49,84.50094932724329,163.82464610858398,0,Female
Keto,Yoga,32,78.82567602761046,164.8822605777648,1,Female
Keto,Cardio,30,NA,153.78419807015564,NA,Male
Paleo$,Cardio,59,82.21978213481428,177.90937635334595,0,Female
Omnivore,None,36,92.02847944757501,184.61521955218532,1,Female
Omnivore,Yoga,48,82.13892881892444,153.0006778428657,0,Male
Vegan,Strength,19,82.62962388640065,151.87485254754293,1,Female
Keto,Pilates,52,90.28834912655189,181.44141097421408,0,Female
Keto,None,40,79.79399110308907,183.48541857236438,1,Female
Vegetarian,Cardio,34,95.08402664335571,173.71556455073258,1,Male
Omnivore,None,26,83.09853663911534,172.42249032302166,0,Male
Vegan,Yoga,21,85.4845930115737,163.78741451901845,1,Female
Omnivore,None,49,78.21197614323782,173.39038070553804,0,Male
Paleo,Strength,54,80.50852949056377,165.4785987396833,0,Male
Vegan,Cardio,35,103.37146972464403,190.4323321252589,1,Female
Keto,None,46,84.46799256897356,165.5066231492426,0,Male
Omnivore,Pilates,31,71.03084893776672,138.62615472004623,1,Female
Omnivore,Strength,29,91.98973229424318,174.99962209076085,1,Male
Vegan,Yoga,35,71.89062388636465,157.42858410317822,1,Female
Vegan,Yoga,18,89.27269150738438,178.22761428159944,1,Male
Paleo,Pilates,61,79.6438927377049,154.53903918647592,0,Female
Vegan,Strength,64,89.37029409368604,167.41219241011726,0,Male
Vegetarian,Pilates,58,82.90504299443487,173.90407377124083,0,Female
Paleo,Cardio,56,85.18484864214774,168.0272979692019,0,Female
Vegetarian,Yoga,24,78.59652265792967,150.53050520528086,1,Female
Keto,Cardio,65,96.44041276231229,155.7236182658295,0,Female
Vegan,Yoga,50,88.6972489790892,161.49581957742404,0,Male
Keto,Strength,30,81.26941229328558,186.2446909297786,1,Female
Vegan,Cardio,35,84.4529462573286,168.73361838601346,0,Male
Vegan,Pilates,23,92.33342050620482,182.75602027478047,1,Male
Omnivore,Yoga,54,89.98829197309237,171.7949617671582,0,Female
Vegan,Strength,38,79.03299007241142,165.0582612062638,0,Male
Omnivore),Yoga,35,95.62022497917734,181.2759346616907,1,Male
Omnivore,Pilates,38,75.80152548923641,158.53050451415612,1,Female
Vegetarian,Cardio,25,NA,184.8101859708601,NA,Male
Vegetarian^,None,44,92.60028638388557,179.161912124584,0,Female
Keto,Strength,63,83.63543016872643,173.3513101710475,0,Female
Vegetarian,None,54,88.2977072449721,175.7467532847443,0,Female
Keto,None,31,93.90804930317063,172.0361966188663,1,Male
Vegetarian,Cardio,64,80.446525321364,165.52958807978413,0,Male
Vegan,Yoga,37,77.48973533273795,166.5647407244458,0,Male
Vegetarian,None,45,85.5992492225356,163.9616420352919,0,Female
Omnivore,Pilates,43,87.27065928644468,182.3867251847222,0,Female
Omnivore,Strength,42,86.65546013893027,175.99492053306318,0,Male
Paleo,Yoga,31,86.99532754113885,168.91266242403734,1,Female
Vegan,Yoga,35,81.61237019574372,158.61143035247107,1,Female
Paleo,Yoga,55,92.49652462061199,173.19855338558352,0,Male
Omnivore,None,61,76.57027766278317,159.93451865970803,0,Female
Vegetarian,Yoga,39,79.14888193601887,161.48387957170021,1,Female
Omnivore,None,18,91.90383375417443,190.38786044699387,1,Female
Paleo,None,30,77.20700898069998,156.04017776415625,1,Female
Vegan,Strength,56,90.53177061165319,161.1700500259751,0,Male
Keto,Pilates,52,81.79070964501408,164.19193870099772,0,Male
Vegan,Strength,18,81.88217164658302,164.0424431323486,1,Female
Vegetarian,None,31,81.9300025565414,158.7447461800716,0,Male
Vegan,Pilates,63,77.97760563966551,168.1227451120665,0,Male
Omnivore,Pilates,35,84.57779491964533,159.61957956848903,1,Female
Omnivore,Yoga,65,91.42048250691725,183.42460546573636,0,Male
Vegan,Yoga,18,82.09283376603969,171.2351292528639,1,Female
Vegan,Strength,21,91.16231806009478,178.58147790153635,1,Female
Paleo,Cardio,28,77.05702379724556,155.94572076607275,0,Male
Keto,None,30,84.1696406638565,169.8554290259922,1,Female
Vegan&,Yoga,51,87.15350521074238,175.45575680865127,0,Male
Omnivore,Yoga,48,NA,170.98112089017667,0,Female
Vegetarian,None,25,82.32343382123739,170.1759662917923,0,Male
Keto,None,65,84.59989778587855,159.65719879930242,0,Male
Omnivore,Cardio,48,82.67851488924626,163.712828703705,0,Male
Vegan,Cardio,37,81.5868659095061,165.95098592730207,1,Female
Vegetarian,None,22,77.7660458225817,161.97628783740203,0,Male
Paleo,Pilates,61,86.98350573209446,177.63807156156156,0,Male
Paleo,Strength,23,92.41849805986801,187.59612935870035,1,Male
Omnivore,Cardio,54,97.02900792627823,183.15180081745945,0,Male
Vegetarian,Strength,21,83.20733653818621,NA,1,Female
Vegan,Strength,33,92.62508021754768,168.81692309745154,1,Female
Omnivore,Yoga,38,87.02610251128564,175.76005728308135,1,Male
Vegetarian,None,65,77.7887194125119,162.11385792609306,0,Male
Vegetarian,None,43,82.78503790978223,172.6491711249537,0,Male
Vegan,Pilates,43,86.77285842188925,171.66466198021098,0,Male
Vegan,None,51,82.0150579143503,146.54976785647446,0,Female
Paleo,Strength,32,93.36188090226028,188.96637019606845,1,Male
Omnivore,Cardio,31,77.86361508489058,156.6843856516136,1,Female
Vegan,Yoga,29,72.8959738266008,143.7412236044103,0,Male
Vegan,Cardio,33,85.31534612962794,169.9965752785285,1,Male
Keto,Strength,61,81.82873932040654,171.07412294687634,0,Male
Vegetarian,Strength,46,89.90142883950512,169.91994568769678,0,Female
Omnivore,Pilates,35,79.55020190641568,171.40564613848127,0,Male
Vegan,Pilates,30,74.17496150076724,158.15072662018662,1,Female
Vegan,Cardio,33,85.88532885638516,175.92497104156848,1,Male
Paleo,Pilates,64,90.51123320421647,183.80687581343062,0,Female
Paleo,Pilates,38,86.07685381996248,161.6127141644941,1,Female
Paleo,Cardio,65,83.4140764220448,173.0587423629278,0,Male
Keto,Yoga,18,82.75453930047595,167.29099682352816,1,Female
Keto,Strength,55,83.03414195085378,169.39214095449125,0,Male
Paleo,Yoga,31,97.89796142820761,179.7570845486026,1,Female
Paleo,Yoga,47,93.63294835113732,172.77768209440347,0,Female
Vegan,None,49,89.36720707922007,189.31841065880394,0,Female
Keto,Cardio,41,85.52111865935332,166.6770939352516,1,Female
Vegan,None,61,85.92370909641147,184.81943293164713,0,Female
Vegan^,None,60,78.57635502802309,165.44344435878074,0,Female
Paleo,Strength,24,80.93533177983053,167.68677598337513,1,Female
Keto,Cardio,19,79.12790281926686,166.7288237278531,1,Female
Omnivore,Pilates,22,87.58247660979609,172.87902029979114,1,Male
Omnivore,None,45,85.76674280181334,174.66534226807173,0,Male
Vegan,Strength,36,87.25681607462124,171.4516108680163,1,Female
Vegan,None,31,94.1448144565839,175.99325334115895,1,Female
Vegetarian,None,51,86.94585291156874,162.18067657601065,0,Male
Omnivore,Cardio,59,73.44916419358144,167.61121483812684,0,Male
Keto,Strength,43,86.98861818470589,176.5213534724297,0,Female
Omnivore,None,26,92.57237555610132,180.3807857111819,1,Male
Keto,Yoga,47,92.51588507572613,173.38341102765028,0,Male
Vegetarian,Pilates,44,85.69437190665694,177.09389825515822,0,Female
Vegan,None,33,89.83944543552265,178.4006115846455,1,Male
Paleo,Yoga,18,96.20683812478879,176.09308995068682,1,Female
Omnivore,Cardio,30,84.87638101099189,167.76282332522393,1,Female
Keto,Yoga,56,93.55779574751817,168.35656081695404,0,Female
Keto/,Strength,18,77.02619348723532,176.21993832386204,0,Male
Keto,Pilates,29,92.89246989220085,165.4461617637946,1,Female
Paleo,Pilates,34,NA,168.68016242772362,NA,Male
Omnivore,None,41,90.20637850703329,169.0819299179578,1,Male
Omnivore,Cardio,56,82.38207077043063,154.13190993209088,0,Male
Vegan,Pilates,53,84.7714080772586,173.34188898006934,0,Female
Vegan,Pilates,20,86.19503124249677,NA,1,Male
Vegan,Cardio,41,86.47222357439875,169.38896632961868,1,Female
Vegan,Pilates,56,94.8197789948992,187.94067199944368,0,Female
Vegan,Yoga,24,85.31728112327762,168.24217630830765,1,Female
Omnivore,Yoga,58,94.4640289918057,175.78799236784286,0,Female
Vegetarian,None,25,88.80936552514804,175.32598128238232,1,Male
Vegetarian,None,35,78.60211843409748,177.84679057850198,0,Male
Vegetarian,Cardio,23,89.16993138169414,174.177120868164,1,Female
Vegetarian,Pilates,43,82.42994408384011,168.08719419535853,0,Female
Omnivore,Cardio,48,92.03133389218998,175.63353249160497,0,Female
Vegetarian,Yoga,18,81.89291896148968,172.53522340813203,1,Female
Vegan,Pilates,30,84.96475963189407,172.4352214016804,0,Male
Omnivore,Strength,23,80.90853264083984,177.1959024991512,0,Male
Paleo,Cardio,27,81.44599584008884,177.72732980235114,1,Female
Paleo#,Strength,62,76.23369504365536,169.91477135723773,0,Male
Omnivore,None,53,83.17583261695557,166.10930845018248,0,Female
Paleo,Yoga,53,77.93309736987935,183.28233354127693,0,Female
Vegan,Cardio,45,91.53760622500803,170.53012552262223,0,Male
Omnivore,Pilates,37,79.86556822240618,166.23734842034332,0,Male
Paleo,None,64,80.34215704666893,160.53761653121796,0,Male
Omnivore,Pilates,44,92.3404551621415,172.6998948330947,0,Female
Paleo,Pilates,41,88.44184822004105,173.871505873245,1,Female
Keto,Strength,43,81.41818088973841,158.61947398828696,0,Male
Vegetarian,Cardio,18,75.07517653815628,156.51645510465426,0,Male
Keto,Yoga,22,79.44969363415485,171.84197119538615,1,Female
Paleo,Yoga,34,84.11336798325661,161.81100344668994,0,Male
Keto,None,51,90.72804760164315,183.48615299983072,0,Male
Vegetarian,Yoga,23,79.46381055949998,158.92800595926994,1,Female
Vegetarian,None,37,73.13251121851076,154.51096885496887,0,Male
Vegetarian,Strength,54,81.86721329727636,169.30152059889605,0,Male
Vegan,Cardio,34,NA,174.68005090421516,NA,Female
Vegan,Strength,35,77.52255684470329,171.5688114574974,0,Male
Paleo,None,30,76.53944830537687,168.79140362715208,0,Male
Vegetarian,Pilates,46,85.99247850362661,NA,0,Male
Vegan*,Strength,63,75.82607345766813,162.31614356056292,0,Male
Vegetarian,Pilates,53,88.0804123286991,172.26991933442807,0,Male
Omnivore,Yoga,40,81.00773165951284,161.66312733227701,0,Male
Omnivore,Pilates,19,78.48575314914103,161.95605145274018,1,Female
Vegetarian,Yoga,43,77.50641877061082,NA,0,Female
Paleo,Cardio,60,83.7026625258083,174.11464908515077,0,Female
Omnivore,Yoga,29,85.11802167470536,161.3087843495575,1,Female
Keto,None,23,79.62910945336773,154.490224475205,1,Female
Vegan,None,18,78.30891292510564,159.73650022324387,0,Male
Paleo,Strength,54,63.77719072257937,149.99797012144455,0,Female
Vegan,None,46,83.21408226695685,171.2901718533309,0,Male
Vegan,Cardio,63,73.30238819039629,175.8476877026307,0,Male
Vegetarian,Pilates,57,102.87885913391057,188.01929145173474,0,Female
Vegetarian,Cardio,39,80.69492028795067,161.0527161861279,0,Male
Omnivore,Yoga,54,88.94264069753586,165.2746218720844,0,Female
Keto,Strength,53,83.58765154046242,168.91491199180098,0,Male
Keto,Yoga,57,96.56566105578965,172.3758303470624,0,Male
Vegetarian,Strength,32,76.5150492481096,162.01651685619288,1,Female
Paleo,Cardio,54,93.8366125058252,179.29332179663479,0,Male
Vegan,Yoga,53,83.04683603937681,166.20310839864294,0,Male
Omnivore,None,36,93.56150241337231,179.8517057448864,1,Male
Omnivore,None,63,70.22775213319836,153.7078169277236,0,Male
Vegan,Yoga,18,95.379642807545,168.3776533467039,1,Female
Keto,None,42,88.24105502399709,173.45774730922207,0,Male
Paleo,Cardio,32,80.05548049993274,165.07809075624644,0,Male
Vegetarian,Cardio,33,76.67544110307769,165.21313230178723,0,Male
Paleo,Cardio,63,74.18462052233876,163.6226573988993,0,Male
Omnivore,Cardio,34,76.43541805517339,171.03420706841277,1,Female
Keto,None,58,82.72379217179875,182.6229835926168,0,Female
Keto,None,46,80.07706469179635,159.75700888633446,0,Female
Paleo,None,32,90.11276505161915,169.00996540950922,1,Male
Keto,Pilates,44,84.35674398157394,165.17433135364664,0,Male
Vegetarian/,Pilates,28,82.40554124598044,184.1320322147466,0,Male
Keto,Pilates,40,95.06740703678501,189.277281824019,1,Male
Paleo,None,33,95.00400538629451,175.00733127839078,1,Female
Keto,Cardio,28,90.40499401622392,170.6631087511267,1,Male
Keto,Strength,30,101.05079566207556,183.66249802988193,1,Female
Keto,Yoga,37,NA,165.38384868361837,NA,Male
Omnivore,Yoga,36,68.26901884986039,169.43179618529646,0,Male
Paleo,None,44,93.46305823129816,180.50228579145465,0,Female
Keto,Pilates,41,86.59403687465341,171.0571373539749,1,Female
Keto,None,57,74.03149194685577,165.2458715336195,0,Male
Paleo,Strength,31,85.26767058589948,171.8498635184542,1,Female
Paleo,Pilates,50,79.40243351582693,165.5236617449301,0,Male
Omnivore,Cardio,50,92.13226764321927,188.69918422886772,0,Female
Omnivore,Strength,58,85.44023580499312,166.1677639290731,0,Male
Paleo,Pilates,34,86.74449347878013,179.40762582355677,1,Female
Vegetarian,Cardio,27,81.74612246039213,170.0114037939802,1,Female
Paleo,Cardio,41,84.36793591991359,183.30351036734686,1,Female
Vegan,None,64,90.51504473875569,179.3072434731139,0,Male
Vegan,Cardio,55,84.51104294211098,163.51243072444902,0,Male
Paleo,Cardio,63,89.26889818030874,172.82057595472142,0,Male
Vegetarian,Strength,42,90.21681459800458,168.54183571870507,0,Male
Vegetarian,None,28,75.68724521553335,175.0278285815329,1,Female
Vegan,None,57,84.93431565281337,169.536390893836,0,Female
Paleo,Yoga,35,80.68018486182814,NA,0,Male
Keto,Yoga,33,87.45903344331718,168.83020895919483,1,Male
Omnivore,Pilates,48,90.17833643664517,179.55642402601893,0,Male
Vegetarian,Cardio,26,81.22219460369972,173.13166943227935,0,Male
Omnivore,None,23,76.53290454474958,156.84134573145113,0,Male
Omnivore,Strength,33,91.91075497902857,169.79270320562438,1,Male
Vegan,None,58,80.60947574426842,166.6333709526663,0,Female
Paleo,Pilates,53,81.95757745460453,181.16436738642776,0,Male
Vegetarian,Cardio,61,84.6876275033661,158.48330663139262,0,Male
Omnivore,None,28,80.62384318691007,149.55005032298124,1,Female
Keto,None,19,84.30259299772969,174.67675329647352,1,Female
Keto,Strength,54,97.98042459675729,179.4196206412267,0,Female
Keto,None,46,86.43414894862956,174.52910356116703,0,Female
Vegan,Yoga,45,85.39381829561488,183.5278265051485,0,Male
Keto,Yoga,26,87.979574149756,179.01955687705,1,Male
Keto,None,24,81.62015146798676,160.69689868419215,0,Male
Vegetarian,Cardio,45,92.46498048424287,179.30524994346825,0,Female
Keto,None,26,83.9818094294586,164.11223359161036,1,Female
Vegetarian,Cardio,30,96.70633356285109,181.05087558045403,1,Female
Vegan/,None,18,91.11906956181156,179.92881907632338,1,Male
Vegetarian,None,51,87.33493558901738,169.50211959854298,0,Female
Vegetarian,Strength,24,95.46758147932991,180.6793715834658,1,Male
Vegan,Pilates,21,82.82894449479517,167.32102477809124,0,Male
Paleo,Pilates,27,86.09719259820967,180.11005599082338,1,Male
Keto,Yoga,58,72.05706585092058,146.93565449809643,0,Male
Vegan,Cardio,20,73.076209075809345,159.48607720861685,1,Female
Vegan,None,56,85.98627218768605,171.47557424551889,0,Male
Vegan,Strength,42,84.96568931048455,164.89340330271773,0,Female
Paleo,Cardio,35,66.42456964318367,143.3204176340781,0,Male
Keto,Pilates,47,76.4764943571039,161.64769375622413,0,Male
Vegan,Cardio,24,87.52769942475521,186.1395858579347,1,Male
Omnivore,None,63,78.75387575836386,157.9122110992762,0,Male
Vegetarian,Strength,23,92.9175640833365,171.66938041160068,1,Female
Paleo,None,63,79.36703741662517,165.06101354776266,0,Male
Omnivore,Cardio,33,81.94878903784999,170.18316001759146,1,Female
Omnivore,None,19,83.98654445834336,168.2263505230308,1,Female
Omnivore,None,44,79.44304713072606,168.64085761858243,0,Female
Vegan,Cardio,60,89.46232052518397,168.77491844830203,0,Female
Paleo,Pilates,61,72.60549551958485,148.2300641057506,0,Female
Paleo,Pilates,62,90.6580697602481,170.00559584625123,0,Male
Vegan,Strength,22,88.83901771486927,171.2835196484847,1,Female
Omnivore,None,24,91.03647736150485,174.12336687584627,1,Male
Vegetarian,Strength,44,84.440508587149,183.67239172926477,0,Female
Paleo,Pilates,65,76.78039710661254,170.36760140198845,0,Female
Vegetarian,Strength,42,86.6487368545353,172.70771895991868,0,Male
Vegetarian,Cardio,37,76.07019835346354,155.7234369022533,0,Male
Paleo,Cardio,59,83.80162413335788,170.99574680925667,0,Female
Omnivore,Yoga,31,76.71175104319529,154.44548121642342,1,Female
Keto,Strength,18,102.9953672216807,189.98489305023404,1,Male
Vegan,Pilates,25,80.90587197880329,166.42977431152195,0,Male
Keto,Strength,55,83.67268674892311,173.5216089002635,0,Female
Vegan,Cardio,58,95.34337416762753,174.41335798429958,0,Female
Paleo,None,18,79.58081247509342,156.92507018245277,0,Male
Vegan,Yoga,25,88.54650532658555,174.6688085739967,1,Male
Vegan,Yoga,36,73.16033677018736,159.27100055034182,0,Male
Paleo,Strength,63,91.03873659608847,174.58505667493202,0,Female
Paleo,None,59,87.74925147824312,163.81194909117326,0,Male
Vegetarian,None,29,85.17178017705625,163.2006260847539,1,Male
Omnivore,Pilates,54,81.32319396296694,174.14206182097416,0,Male
Vegetarian,Cardio,27,94.08401018618969,173.6642728574692,1,Male
Omnivore,Yoga,31,NA,167.5109333550457,NA,Male
Omnivore,Strength,49,90.50140859858345,162.6367057547728,0,Female
Omnivore,Yoga,29,88.29373092691378,171.94005755434864,1,Female
Keto,Cardio,49,86.83762734272054,169.51246218119914,0,Male
Vegan,Yoga,54,99.83587248598667,179.5950047987295,0,Male
Vegetarian,None,27,87.88125197853432,163.6791606409253,1,Female
Keto,Strength,59,86.68811270698244,168.76932525982625,0,Male
Omnivore,Yoga,26,92.42359828435532,192.70783216802204,1,Male
Omnivore,Cardio,60,83.08858807620987,157.1608357437015,0,Female
Omnivore,Pilates,47,90.42983502155515,NA,0,Male
Omnivore,Yoga,64,84.48746265865988,174.10650514231094,0,Female
Vegetarian,Strength,36,81.65974423105962,165.51109500111653,1,Female
Omnivore,Yoga,53,80.07590242999926,162.90323936971262,0,Female
Omnivore,None,49,69.49512215945035,155.42795938959455,0,Female
Vegan,Yoga,40,81.30334900242573,155.82403549995968,0,Male
Keto,None,25,76.23684909224059,167.35979309479282,1,Female
Keto,Pilates,26,92.99122407012072,182.52786809045796,1,Male
Vegan,Yoga,36,77.53580094280458,170.5370768409863,1,Female
Keto,Pilates,24,97.5106666812566,185.45719707124462,1,Male
Vegan,Pilates,38,86.10071230951611,163.97763711235413,1,Male
Omnivore,None,37,97.25530387597874,175.78602600231312,1,Female
Vegetarian,None,37,79.69284860017295,171.24398605835856,1,Female
Omnivore,Strength,55,91.58774943955349,173.6265009092223,0,Male
Omnivore,Pilates,25,84.94988340060173,172.05401537908924,1,Female
Keto,Cardio,61,89.9684298388834,177.77727573620663,0,Male
Keto,Strength,27,82.8905191754068,169.92268168559684,1,Female
Vegan,Strength,55,91.91774308986604,179.68502349122963,0,Male
Paleo,Yoga,47,81.8942004687266,174.9018491743223,0,Male
Omnivore,Pilates,38,80.44165783694575,169.90462679666342,0,Male
Keto,Strength,45,88.53898483014926,168.87190012462227,0,Female
Vegetarian,Yoga,44,64.18589831910553,157.23328788805964,0,Female
Vegetarian,Strength,55,80.39313168208179,163.51399400980847,0,Female
Keto,None,62,81.46330965252832,167.36692437020375,0,Female
Omnivore,None,38,93.4107270961222,179.35634309069238,1,Female
Vegan,None,25,91.10970171857761,NA,1,Female
Keto,Pilates,34,74.19733570608032,161.9372498722348,0,Male
Paleo,Strength,43,90.03278818074827,165.2367727670879,0,Female
Vegetarian,Yoga,57,98.96433821455526,187.37139399026947,0,Female
Keto,Pilates,44,85.12609028137936,155.87482905303784,0,Female
Keto,Strength,61,81.03226125082647,171.79352063176734,0,Female
Vegetarian,Strength,29,95.91136826134041,172.77655959574594,1,Female
Vegetarian,None,33,88.51959386454541,164.98296776592304,1,Female
Keto,Pilates,33,83.92153572350065,156.2750954092079,1,Female
Paleo,None,47,76.98154682555798,166.06482548873873,0,Male
Keto,Strength,50,98.10247549410636,196.88524330569325,0,Male
Paleo,Yoga,63,85.39255920760625,168.9023322247695,0,Female
Keto,Cardio,65,77.04185532115615,167.76879033794836,0,Male
Keto,Yoga,59,84.88948232994939,NA,0,Male
Vegetarian,Yoga,64,83.0434265357076,158.311840597922,0,Female
Vegan,None,41,90.330498828055525,177.51196527199892,1,Male
Keto,Cardio,24,89.80330439694559,177.19396102982844,1,Female
Vegetarian,Yoga,52,90.49330379716618,166.51854824595551,0,Male
Keto,Cardio,21,81.5235469631759,170.59333845934398,1,Female
Paleo,None,64,NA,164.9496152191578,0,Male
Omnivore,Pilates,30,93.78760485888748,176.89891731427372,1,Male
Paleo,Pilates,31,70.17050277501788,153.412212266777,0,Male
Omnivore,Cardio,48,73.93530578405472,167.77749001766261,0,Female
Vegetarian,None,36,92.91998230121415,176.23421655165674,1,Male
Vegetarian,Cardio,63,92.1831026260551,186.87336438344494,0,Female
Vegetarian,Yoga,18,92.43349911872548,160.91498498491882,1,Female
Keto,Yoga,48,81.00006133596156,158.81377903640143,0,Female
Vegetarian,Pilates,23,84.32126978262056,168.91788989934673,1,Female
Paleo,Pilates,41,76.05781362916997,169.42480764471424,1,Female
Keto,Yoga,52,84.74322403066728,177.58042251915415,0,Male
Vegan,Yoga,52,77.53456013674483,168.85611892986307,0,Male
Vegetarian,Strength,18,96.37362874933392,164.25981716570442,1,Female
Paleo,Yoga,35,88.0515448247943,188.89939245263858,1,Male
Keto,None,26,86.4612002761804,166.70846960008535,1,Male
Omnivore,Cardio,31,96.1118604281111,178.80877843181364,1,Female
Vegetarian,None,32,NA,177.44416337659274,NA,Male
Paleo,Yoga,65,83.52320381639623,165.60257292412192,0,Male
Paleo,Strength,30,87.90291787222486,186.62436358375734,1,Female
Vegetarian,None,42,79.19112005588804,158.44201353251069,0,Female
Vegetarian,Yoga,48,78.50627788565285,160.62261261219751,0,Female
Omnivore,None,34,87.06888630420715,181.67121799044807,1,Male
Paleo,Cardio,47,80.19759423522498,154.4254176055801,0,Female
Keto,Pilates,58,84.02308914099082,NA,0,Male
Vegetarian,Pilates,58,78.26212419874125,171.97449515466587,0,Male
Vegetarian,Yoga,57,92.81231779056938,177.39473320762704,0,Male
Keto,Strength,57,89.91716898706842,177.81435892320192,0,Female
Omnivore,Pilates,65,73.55800397223254,163.34449081014395,0,Male
Paleo,Cardio,48,78.05877406483258,163.15577690597013,0,Male
Omnivore,Pilates,36,93.32770856737605,178.14295613579637,1,Male
Vegan,Yoga,61,84.454358622822,178.88384026333753,0,Male
Vegan,Strength,35,83.30611530723154,158.86328266513428,0,Male
Paleo,Pilates,49,77.20316854168615,157.68108305684467,0,Female
Omnivore,None,64,72.53691569093587,159.25340179010684,0,Female
Vegan£,Strength,29,NA,169.85220939710567,NA,Male
Paleo£,Yoga,28,72.45018011103778,169.7893963611343,0,Male
Paleo,Yoga,18,93.40376016363241,193.2759188427814,1,Female
Keto,None,57,87.2579720842783,175.37578617769643,0,Male
Keto,None,35,85.4999407391467,168.49066237340332,1,Male
Vegetarian,Pilates,52,83.6453174012802,164.7205980050057,0,Male
Keto,Strength,34,82.8975919429721,164.6494352629921,0,Male
Omnivore,Cardio,56,88.82544502827332,163.8012874690525,0,Female
Vegan,Cardio,32,88.1024183056867,159.05852845415527,1,Female
Vegetarian,None,38,95.03354666149892,171.74764410984372,1,Male
Vegetarian,Pilates,43,62.49750514754138,138.10813893564972,0,Male
Omnivore,Pilates,62,NA,158.30555758133218,0,Female
Vegan,Pilates,38,83.66440827316157,179.91563499846737,1,Female
Vegan,Cardio,56,83.65375628612813,171.49196928334612,0,Female
Omnivore,Cardio,26,89.29985825822273,175.54631070423332,1,Female
Keto,Strength,42,82.9868554714282,164.1030929751641,0,Male
Keto&,Yoga,41,90.89186072021197,184.09564553206448,1,Female
Keto,Cardio,60,82.73627447948172,167.0255632257986,0,Male
Paleo,Pilates,47,85.84635536313164,175.87354813049546,0,Male
Vegetarian!,Pilates,33,80.76511834035017,170.1367327671864,0,Male
Vegan,Strength,43,83.72723724485711,174.79094516876518,0,Female
Paleo,Yoga,18,78.64747428082862,165.58546147471904,0,Male
Keto,Cardio,43,88.68398363770785,182.44007805495954,0,Male
Vegan,Yoga,60,75.4391263567149,164.8236626556946,0,Male
Paleo,Yoga,21,105.46406250981333,198.59936633839476,1,Female
Vegetarian,Cardio,61,93.9469412771468,168.38271264936503,0,Male
Keto,Pilates,56,79.08621068481081,171.26126493805748,0,Female
Paleo,Yoga,47,88.17688666062841,163.79856397247934,0,Female
Keto,Cardio,61,89.23136384479538,177.33028625007077,0,Male
Vegan,Pilates,55,86.07817012956632,171.88879480095156,0,Male
Keto,Pilates,21,88.46894145328095,176.35331325238312,1,Female
Paleo,Cardio,18,90.85162179872651,177.13170709295136,1,Female
Vegetarian,None,23,81.66912956957589,162.31112258550786,0,Male
Vegan,Yoga,38,84.82474755653529,178.25866376973107,1,Female
Vegan,Cardio,18,79.74106277720436,158.10112622198494,0,Male
Vegan@,None,41,90.13951327766391,171.53363028470633,1,Male
Keto,Cardio,54,88.38356313875516,179.1262216735709,0,Male
Keto,Cardio,50,70.92057459766396,154.08535574890058,0,Male
Omnivore,Pilates,30,74.53648852630829,165.58600391407268,1,Female
Vegan,Yoga,53,86.09872341190999,165.97039047252295,0,Male
Vegan,Pilates,56,74.36887988753938,149.3769728183714,0,Male
Omnivore,Pilates,31,81.0209600535752,167.9743512380167,0,Male
Omnivore,None,57,93.16596026546522,184.0758868957049,0,Male
Omnivore,Yoga,43,74.48306464250949,155.92605931004758,0,Female
Paleo,Strength,31,79.09089854128749,159.0054829583251,0,Male
Vegetarian,Yoga,27,84.46400295009018,166.06924506942642,1,Female
Keto,None,57,74.50821990559615,NA,0,Male
Vegan,Pilates,21,80.60302439571569,171.04925407257235,1,Female
Vegetarian,Pilates,36,79.3367922026104,171.88995218098302,1,Female
Vegetarian,Yoga,19,77.42243845765285,167.21797548452255,0,Male
Vegetarian,None,26,104.55849494529777,193.5919691735473,1,Male
Keto,Pilates,18,88.67984755725134,165.5236546114982,1,Male
Vegetarian,Strength,29,82.14489411816237,156.64643300211145,1,Female
Vegan,Pilates,65,75.32217584861503,154.35218513985785,0,Female
Paleo,Cardio,36,89.9252452799854,168.00520442892864,1,Male
Vegan,Strength,58,76.19586201019634,164.60316283432732,0,Female
Keto,Cardio,25,80.26797336679554,180.4956872035465,0,Male
Vegan,Cardio,33,68.92881424827003,168.12808568417998,1,Female
Vegan,None,33,86.53257802030343,170.79202059679625,1,Male
Keto,None,65,77.09408805045179,153.823470010238,0,Female
Paleo,Yoga,60,79.8498527502022,167.60062016684407,0,Female
Omnivore,None,40,86.08635788238504,167.28113076397008,1,Female
Keto,None,37,78.19665395416378,155.9696349097651,0,Male
Omnivore,Yoga,54,78.92244899072271,160.87048349971505,0,Male
Paleo,None,53,87.00515034349259,161.26808445310718,0,Male
Vegetarian,Cardio,59,96.3357097445247,178.27193177842784,0,Female
Paleo,Strength,46,93.00226125112067,175.58026882514199,0,Female
Vegan,Pilates,64,91.45507815420308,176.94424949975104,0,Male
Vegetarian,Yoga,20,87.02178089303708,184.05821530734008,1,Female
Keto,None,23,82.15139446548356,166.7860540949416,0,Male
Omnivore,Yoga,37,90.693256684309,181.83056910151262,1,Female
Paleo,None,49,84.4192555492664,167.342653263984,0,Female
Paleo,Yoga,28,96.37046625240338,181.56179868441956,1,Female
Vegetarian,Pilates,27,71.63741731732124,157.46953975904947,0,Male
Paleo,Cardio,23,75.20088987236038,163.95797039156304,1,Female
Paleo,Strength,61,89.26685000380799,179.1341596076617,0,Female
Omnivore,Pilates,36,85.93274377906339,186.57456347872846,1,Male
Vegetarian,Strength,63,90.38914190005323,169.61122416165495,0,Female
Keto,Pilates,49,82.50280969030723,166.68708547815916,0,Female
Paleo,Pilates,31,74.66632795797383,176.26066840821815,0,Male
Omnivore,Strength,31,83.2043866229178,168.7935641539815,1,Female
Paleo,Yoga,36,86.1251841544969,170.13625698384496,1,Female
Paleo,Pilates,42,82.40481443176868,172.52213484446858,0,Female
Paleo,Strength,32,84.11848241577854,180.89506139947804,1,Female
Omnivore,Pilates,65,79.73730144290404,159.3443409983379,0,Male
Omnivore,Yoga,58,88.91315338406488,165.58745191169973,0,Male
Omnivore,None,60,85.60428712027951,176.00319646411984,0,Female
Paleo,Strength,42,79.83275544195305,148.56242099721985,0,Female
Omnivore,Pilates,54,98.48323352793956,182.95443153682996,0,Female
Omnivore,Cardio,24,75.43668835767953,163.5140029898684,1,Female
Vegan,Pilates,38,84.10625339623866,159.5563752691024,1,Female
